order_id,First Name,Last Name,Middle Initial,Gender,E-Mail,Phone No,City,County,cust_id,ref_num,category,price,quantity_ordered,total,payment_method,status,anomaly_score
100354678,Jani,Titus,W,F,jani.titus@gmail.com,4059591129,Vinson,Harmon,60124,987867,Men's Fashion,89.9,21,1798.0,cod,received,-1
100354678,Jani,Titus,W,F,jani.titus@gmail.com,4059591129,Vinson,Harmon,60124,987867,Men's Fashion,19.0,11,190.0,cod,received,1
100354680,Jani,Titus,W,F,jani.titus@gmail.com,4059591129,Vinson,Harmon,60124,987867,Men's Fashion,149.9,9,1199.2,cod,complete,-1
100354680,Jani,Titus,W,F,jani.titus@gmail.com,4059591129,Vinson,Harmon,60124,987867,Men's Fashion,79.9,9,639.2,cod,complete,-1
100367357,Jani,Titus,W,F,jani.titus@gmail.com,4059591129,Vinson,Harmon,60124,987867,Men's Fashion,99.9,2,99.9,cod,received,1
100367357,Jani,Titus,W,F,jani.titus@gmail.com,4059591129,Vinson,Harmon,60124,987867,Men's Fashion,39.9,2,39.9,cod,received,1
100367360,Jani,Titus,W,F,jani.titus@gmail.com,4059591129,Vinson,Harmon,60124,987867,Mobiles & Tablets,47.6,2,47.6,cod,order_refunded,1
100354677,Lee,Eaker,S,M,lee.eaker@gmail.com,2393356755,Graham,Bradford,42485,171143,Mobiles & Tablets,49.0,2,49.0,Payaxis,canceled,1
100354677,Lee,Eaker,S,M,lee.eaker@gmail.com,2393356755,Graham,Bradford,42485,171143,Computing,135.0,2,135.0,Payaxis,canceled,1
100354677,Lee,Eaker,S,M,lee.eaker@gmail.com,2393356755,Graham,Bradford,42485,171143,Appliances,549.9,2,549.9,Payaxis,canceled,1
100356116,Lee,Eaker,S,M,lee.eaker@gmail.com,2393356755,Graham,Bradford,42485,171143,Appliances,549.9,1,0.0,Payaxis,order_refunded,1
100358724,Lee,Eaker,S,M,lee.eaker@gmail.com,2393356755,Graham,Bradford,42485,171143,Appliances,549.9,1,0.0,cod,order_refunded,1
100403034,Lee,Eaker,S,M,lee.eaker@gmail.com,2393356755,Graham,Bradford,42485,171143,Appliances,254.8,2,214.99372,Easypay,canceled,1
100403034,Lee,Eaker,S,M,lee.eaker@gmail.com,2393356755,Graham,Bradford,42485,171143,Appliances,315.5,2,266.21083,Easypay,canceled,1
100403034,Lee,Eaker,S,M,lee.eaker@gmail.com,2393356755,Graham,Bradford,42485,171143,Home & Living,69.8,2,58.89545,Easypay,canceled,1
100403077,Lee,Eaker,S,M,lee.eaker@gmail.com,2393356755,Graham,Bradford,42485,171143,Appliances,254.8,2,214.99372,Easypay,canceled,1
100403077,Lee,Eaker,S,M,lee.eaker@gmail.com,2393356755,Graham,Bradford,42485,171143,Appliances,315.5,2,266.21083,Easypay,canceled,1
100403077,Lee,Eaker,S,M,lee.eaker@gmail.com,2393356755,Graham,Bradford,42485,171143,Home & Living,69.8,2,58.89545,Easypay,canceled,1
100403411,Lee,Eaker,S,M,lee.eaker@gmail.com,2393356755,Graham,Bradford,42485,171143,Appliances,254.8,2,214.99372,Easypay,canceled,1
100403411,Lee,Eaker,S,M,lee.eaker@gmail.com,2393356755,Graham,Bradford,42485,171143,Appliances,315.5,2,266.21083,Easypay,canceled,1
100403411,Lee,Eaker,S,M,lee.eaker@gmail.com,2393356755,Graham,Bradford,42485,171143,Home & Living,69.8,2,58.89545,Easypay,canceled,1
100403502,Lee,Eaker,S,M,lee.eaker@gmail.com,2393356755,Graham,Bradford,42485,171143,Appliances,254.8,2,214.99372,Easypay,canceled,1
100403502,Lee,Eaker,S,M,lee.eaker@gmail.com,2393356755,Graham,Bradford,42485,171143,Appliances,315.5,2,266.21083,Easypay,canceled,1
100403502,Lee,Eaker,S,M,lee.eaker@gmail.com,2393356755,Graham,Bradford,42485,171143,Home & Living,69.8,2,58.89545,Easypay,canceled,1
100403536,Lee,Eaker,S,M,lee.eaker@gmail.com,2393356755,Graham,Bradford,42485,171143,Appliances,254.8,3,407.68,Easypay,complete,1
100403536,Lee,Eaker,S,M,lee.eaker@gmail.com,2393356755,Graham,Bradford,42485,171143,Appliances,315.5,3,504.8,Easypay,complete,1
100403536,Lee,Eaker,S,M,lee.eaker@gmail.com,2393356755,Graham,Bradford,42485,171143,Home & Living,69.8,3,111.68,Easypay,complete,1
100422764,Lee,Eaker,S,M,lee.eaker@gmail.com,2393356755,Graham,Bradford,42485,171143,Home & Living,499.8,3,799.68,Easypay,complete,1
100354679,Jason,Simoneau,G,M,jason.simoneau@gmail.com,7015226439,Grand Forks,Grand Forks,53620,650142,Appliances,166.5,2,166.5,cod,canceled,1
100354679,Jason,Simoneau,G,M,jason.simoneau@gmail.com,7015226439,Grand Forks,Grand Forks,53620,650142,Women's Fashion,140.0,2,140.0,cod,canceled,1
100358823,Jason,Simoneau,G,M,jason.simoneau@gmail.com,7015226439,Grand Forks,Grand Forks,53620,650142,Appliances,199.0,2,199.0,cod,canceled,1
100359410,Jason,Simoneau,G,M,jason.simoneau@gmail.com,7015226439,Grand Forks,Grand Forks,53620,650142,Appliances,199.0,11,1990.0,cod,complete,-1
100359558,Jason,Simoneau,G,M,jason.simoneau@gmail.com,7015226439,Grand Forks,Grand Forks,53620,650142,Appliances,199.9,11,1999.0,cod,complete,-1
100354681,Grover,Bayless,X,M,grover.bayless@yahoo.com,8083803891,Laupahoehoe,Hawaii,56836,578084,Appliances,1099.9,2,1099.9,Easypay,canceled,1
100354682,Grover,Bayless,X,M,grover.bayless@yahoo.com,8083803891,Laupahoehoe,Hawaii,56836,578084,Appliances,1099.9,2,1099.9,Payaxis,canceled,1
100354684,Grover,Bayless,X,M,grover.bayless@yahoo.com,8083803891,Laupahoehoe,Hawaii,56836,578084,Appliances,1099.9,2,1099.9,Easypay,canceled,1
100356443,Grover,Bayless,X,M,grover.bayless@yahoo.com,8083803891,Laupahoehoe,Hawaii,56836,578084,Appliances,1099.9,2,1099.9,Easypay,canceled,1
100357608,Grover,Bayless,X,M,grover.bayless@yahoo.com,8083803891,Laupahoehoe,Hawaii,56836,578084,Appliances,1543.5,2,1543.5,Payaxis,canceled,1
100357611,Grover,Bayless,X,M,grover.bayless@yahoo.com,8083803891,Laupahoehoe,Hawaii,56836,578084,Appliances,1543.5,2,1543.5,Easypay,canceled,1
100357990,Grover,Bayless,X,M,grover.bayless@yahoo.com,8083803891,Laupahoehoe,Hawaii,56836,578084,Appliances,1543.5,2,1543.5,Payaxis,canceled,1
100358002,Grover,Bayless,X,M,grover.bayless@yahoo.com,8083803891,Laupahoehoe,Hawaii,56836,578084,Appliances,1543.5,2,1543.5,Easypay,canceled,1
100358330,Grover,Bayless,X,M,grover.bayless@yahoo.com,8083803891,Laupahoehoe,Hawaii,56836,578084,Appliances,1543.5,2,1543.5,Payaxis,canceled,1
100359296,Grover,Bayless,X,M,grover.bayless@yahoo.com,8083803891,Laupahoehoe,Hawaii,56836,578084,Appliances,483.5,2,483.5,Easypay,canceled,1
100359308,Grover,Bayless,X,M,grover.bayless@yahoo.com,8083803891,Laupahoehoe,Hawaii,56836,578084,Appliances,483.5,2,483.5,Easypay,canceled,1
100354683,Albertina,Bensen,U,F,albertina.bensen@gmail.com,3073084981,Glendo,Platte,60125,688994,Men's Fashion,170.0,3,340.0,Payaxis,canceled,1
100354683,Albertina,Bensen,U,F,albertina.bensen@gmail.com,3073084981,Glendo,Platte,60125,688994,Men's Fashion,170.0,2,170.0,Payaxis,canceled,1
100355124,Albertina,Bensen,U,F,albertina.bensen@gmail.com,3073084981,Glendo,Platte,60125,688994,Men's Fashion,170.0,3,340.0,Payaxis,order_refunded,1
100355124,Albertina,Bensen,U,F,albertina.bensen@gmail.com,3073084981,Glendo,Platte,60125,688994,Men's Fashion,170.0,2,170.0,Payaxis,order_refunded,1
100354685,Drema,Galle,T,F,drema.galle@gmail.com,2293647348,Farmington,Oconee,51286,167242,Mobiles & Tablets,3139.2,2,3139.2,Payaxis,canceled,-1
100354686,Sheryll,Newsome,U,F,sheryll.newsome@gmail.com,4238951341,Nashville,Davidson,60126,535212,Computing,315.2,2,315.2,cod,order_refunded,1
100354849,Sheryll,Newsome,U,F,sheryll.newsome@gmail.com,4238951341,Nashville,Davidson,60126,535212,Men's Fashion,149.9,2,149.9,cod,order_refunded,1
100358459,Sheryll,Newsome,U,F,sheryll.newsome@gmail.com,4238951341,Nashville,Davidson,60126,535212,Computing,315.2,2,315.2,cod,order_refunded,1
100354687,Bernard,Dewald,K,M,bernard.dewald@hotmail.co.uk,4015358490,Warwick,Kent,60127,536652,Home & Living,2900.0,2,2900.0,Payaxis,order_refunded,-1
100356322,Bernard,Dewald,K,M,bernard.dewald@hotmail.co.uk,4015358490,Warwick,Kent,60127,536652,Mobiles & Tablets,1000.0,2,1000.0,Payaxis,canceled,1
100354688,Hilario,Brammer,W,M,hilario.brammer@hotmail.com,2394629760,Sarasota,Sarasota,60128,300941,Mobiles & Tablets,35.0,2,35.0,cod,order_refunded,1
100354689,Elizbeth,Raminez,E,F,elizbeth.raminez@gmail.com,2174050048,Brownstown,Fayette,56449,849200,Men's Fashion,265.0,3,530.0,Payaxis,complete,1
100354689,Elizbeth,Raminez,E,F,elizbeth.raminez@gmail.com,2174050048,Brownstown,Fayette,56449,849200,Men's Fashion,129.0,2,129.0,Payaxis,complete,1
100354690,Elizbeth,Raminez,E,F,elizbeth.raminez@gmail.com,2174050048,Brownstown,Fayette,56449,849200,Men's Fashion,49.9,2,49.9,Payaxis,canceled,1
100354692,Elizbeth,Raminez,E,F,elizbeth.raminez@gmail.com,2174050048,Brownstown,Fayette,56449,849200,Men's Fashion,35.0,2,35.0,Payaxis,canceled,1
100354693,Elizbeth,Raminez,E,F,elizbeth.raminez@gmail.com,2174050048,Brownstown,Fayette,56449,849200,Men's Fashion,35.0,4,105.0,Payaxis,canceled,1
100354691,Elizbeth,Raminez,E,F,elizbeth.raminez@gmail.com,2174050048,Brownstown,Fayette,56449,849200,Men's Fashion,115.0,4,345.0,Payaxis,complete,1
100354694,Elizbeth,Raminez,E,F,elizbeth.raminez@gmail.com,2174050048,Brownstown,Fayette,56449,849200,Mobiles & Tablets,500.0,2,500.0,Payaxis,canceled,1
100356697,Elizbeth,Raminez,E,F,elizbeth.raminez@gmail.com,2174050048,Brownstown,Fayette,56449,849200,Men's Fashion,160.0,2,160.0,Payaxis,canceled,1
100356698,Elizbeth,Raminez,E,F,elizbeth.raminez@gmail.com,2174050048,Brownstown,Fayette,56449,849200,Men's Fashion,315.0,2,315.0,Payaxis,canceled,1
100359748,Elizbeth,Raminez,E,F,elizbeth.raminez@gmail.com,2174050048,Brownstown,Fayette,56449,849200,Men's Fashion,156.0,3,312.0,Payaxis,canceled,1
100361029,Elizbeth,Raminez,E,F,elizbeth.raminez@gmail.com,2174050048,Brownstown,Fayette,56449,849200,Men's Fashion,156.0,2,156.0,Payaxis,canceled,1
100375675,Elizbeth,Raminez,E,F,elizbeth.raminez@gmail.com,2174050048,Brownstown,Fayette,56449,849200,Men's Fashion,325.0,2,325.0,Payaxis,canceled,1
100375676,Elizbeth,Raminez,E,F,elizbeth.raminez@gmail.com,2174050048,Brownstown,Fayette,56449,849200,Men's Fashion,325.0,2,325.0,Payaxis,canceled,1
100375677,Elizbeth,Raminez,E,F,elizbeth.raminez@gmail.com,2174050048,Brownstown,Fayette,56449,849200,Men's Fashion,325.0,2,325.0,Payaxis,canceled,1
100375680,Elizbeth,Raminez,E,F,elizbeth.raminez@gmail.com,2174050048,Brownstown,Fayette,56449,849200,Men's Fashion,325.0,2,325.0,Payaxis,canceled,1
100375681,Elizbeth,Raminez,E,F,elizbeth.raminez@gmail.com,2174050048,Brownstown,Fayette,56449,849200,Men's Fashion,325.0,2,325.0,Payaxis,canceled,1
100375682,Elizbeth,Raminez,E,F,elizbeth.raminez@gmail.com,2174050048,Brownstown,Fayette,56449,849200,Women's Fashion,379.8,2,379.8,Payaxis,canceled,1
100375683,Elizbeth,Raminez,E,F,elizbeth.raminez@gmail.com,2174050048,Brownstown,Fayette,56449,849200,Men's Fashion,99.8,2,99.8,Payaxis,canceled,1
100375684,Elizbeth,Raminez,E,F,elizbeth.raminez@gmail.com,2174050048,Brownstown,Fayette,56449,849200,Men's Fashion,196.0,2,196.0,Payaxis,canceled,1
100375685,Elizbeth,Raminez,E,F,elizbeth.raminez@gmail.com,2174050048,Brownstown,Fayette,56449,849200,Men's Fashion,196.0,2,196.0,Payaxis,canceled,1
100375686,Elizbeth,Raminez,E,F,elizbeth.raminez@gmail.com,2174050048,Brownstown,Fayette,56449,849200,Men's Fashion,196.0,2,196.0,Payaxis,canceled,1
100375687,Elizbeth,Raminez,E,F,elizbeth.raminez@gmail.com,2174050048,Brownstown,Fayette,56449,849200,Men's Fashion,196.0,2,196.0,Payaxis,canceled,1
100375688,Elizbeth,Raminez,E,F,elizbeth.raminez@gmail.com,2174050048,Brownstown,Fayette,56449,849200,Men's Fashion,99.8,2,99.8,Payaxis,canceled,1
100401731,Elizbeth,Raminez,E,F,elizbeth.raminez@gmail.com,2174050048,Brownstown,Fayette,56449,849200,Men's Fashion,325.0,3,650.0,Payaxis,canceled,1
100401754,Elizbeth,Raminez,E,F,elizbeth.raminez@gmail.com,2174050048,Brownstown,Fayette,56449,849200,Men's Fashion,69.9,2,69.9,Payaxis,canceled,1
100401763,Elizbeth,Raminez,E,F,elizbeth.raminez@gmail.com,2174050048,Brownstown,Fayette,56449,849200,Men's Fashion,325.0,3,650.0,Payaxis,canceled,1
100401779,Elizbeth,Raminez,E,F,elizbeth.raminez@gmail.com,2174050048,Brownstown,Fayette,56449,849200,Men's Fashion,325.0,3,650.0,Payaxis,canceled,1
100401799,Elizbeth,Raminez,E,F,elizbeth.raminez@gmail.com,2174050048,Brownstown,Fayette,56449,849200,Men's Fashion,259.9,2,259.9,Payaxis,canceled,1
100401814,Elizbeth,Raminez,E,F,elizbeth.raminez@gmail.com,2174050048,Brownstown,Fayette,56449,849200,Men's Fashion,325.0,2,325.0,Payaxis,canceled,1
100401824,Elizbeth,Raminez,E,F,elizbeth.raminez@gmail.com,2174050048,Brownstown,Fayette,56449,849200,Men's Fashion,325.0,3,650.0,Payaxis,canceled,1
100401837,Elizbeth,Raminez,E,F,elizbeth.raminez@gmail.com,2174050048,Brownstown,Fayette,56449,849200,Men's Fashion,196.0,2,196.0,Payaxis,canceled,1
100401881,Elizbeth,Raminez,E,F,elizbeth.raminez@gmail.com,2174050048,Brownstown,Fayette,56449,849200,Men's Fashion,285.0,2,285.0,Payaxis,canceled,1
100401890,Elizbeth,Raminez,E,F,elizbeth.raminez@gmail.com,2174050048,Brownstown,Fayette,56449,849200,Men's Fashion,285.0,2,285.0,Payaxis,canceled,1
100401901,Elizbeth,Raminez,E,F,elizbeth.raminez@gmail.com,2174050048,Brownstown,Fayette,56449,849200,Men's Fashion,285.0,2,285.0,Payaxis,canceled,1
100441393,Elizbeth,Raminez,E,F,elizbeth.raminez@gmail.com,2174050048,Brownstown,Fayette,56449,849200,Appliances,2625.0,2,2625.0,Payaxis,canceled,-1
100533723,Elizbeth,Raminez,E,F,elizbeth.raminez@gmail.com,2174050048,Brownstown,Fayette,56449,849200,Men's Fashion,299.9,2,299.9,Payaxis,canceled,1
100533724,Elizbeth,Raminez,E,F,elizbeth.raminez@gmail.com,2174050048,Brownstown,Fayette,56449,849200,Men's Fashion,299.9,2,299.9,Payaxis,canceled,1
100533726,Elizbeth,Raminez,E,F,elizbeth.raminez@gmail.com,2174050048,Brownstown,Fayette,56449,849200,Men's Fashion,299.9,2,299.9,Payaxis,canceled,1
100533727,Elizbeth,Raminez,E,F,elizbeth.raminez@gmail.com,2174050048,Brownstown,Fayette,56449,849200,Men's Fashion,299.9,2,299.9,Payaxis,canceled,1
100533729,Elizbeth,Raminez,E,F,elizbeth.raminez@gmail.com,2174050048,Brownstown,Fayette,56449,849200,Men's Fashion,1600.0,2,1600.0,Payaxis,canceled,1
100533733,Elizbeth,Raminez,E,F,elizbeth.raminez@gmail.com,2174050048,Brownstown,Fayette,56449,849200,Men's Fashion,59.9,2,59.9,Payaxis,canceled,1
100533735,Elizbeth,Raminez,E,F,elizbeth.raminez@gmail.com,2174050048,Brownstown,Fayette,56449,849200,Men's Fashion,274.9,2,274.9,Payaxis,canceled,1
100533739,Elizbeth,Raminez,E,F,elizbeth.raminez@gmail.com,2174050048,Brownstown,Fayette,56449,849200,Men's Fashion,39.9,2,39.9,Payaxis,canceled,1
100560796,Elizbeth,Raminez,E,F,elizbeth.raminez@gmail.com,2174050048,Brownstown,Fayette,56449,849200,Men's Fashion,39.8,1,0.0,Payaxis,canceled,1
100560807,Elizbeth,Raminez,E,F,elizbeth.raminez@gmail.com,2174050048,Brownstown,Fayette,56449,849200,Men's Fashion,99.9,1,0.0,Payaxis,canceled,1
100560817,Elizbeth,Raminez,E,F,elizbeth.raminez@gmail.com,2174050048,Brownstown,Fayette,56449,849200,Men's Fashion,99.9,1,0.0,Payaxis,canceled,1
100560829,Elizbeth,Raminez,E,F,elizbeth.raminez@gmail.com,2174050048,Brownstown,Fayette,56449,849200,Men's Fashion,99.9,1,0.0,Payaxis,canceled,1
100560841,Elizbeth,Raminez,E,F,elizbeth.raminez@gmail.com,2174050048,Brownstown,Fayette,56449,849200,Men's Fashion,119.8,2,119.8,Payaxis,canceled,1
100354695,Robbie,Dinapoli,U,M,robbie.dinapoli@yahoo.com,2709447436,Mill Springs,Wayne,60129,313357,Men's Fashion,29.9,2,29.9,cod,order_refunded,1
100354696,Rachell,Murguia,X,F,rachell.murguia@hotmail.com,2172349165,Brighton,Jersey,60130,304702,Mobiles & Tablets,64.5,2,64.5,cod,canceled,1
100354697,Lauran,Mayo,Z,F,lauran.mayo@gmail.com,4805184474,Phoenix,Maricopa,31655,852167,Men's Fashion,29.9,2,29.9,jazzwallet,received,1
100354697,Lauran,Mayo,Z,F,lauran.mayo@gmail.com,4805184474,Phoenix,Maricopa,31655,852167,Men's Fashion,28.8,2,28.8,jazzwallet,received,1
100354697,Lauran,Mayo,Z,F,lauran.mayo@gmail.com,4805184474,Phoenix,Maricopa,31655,852167,Men's Fashion,71.5,2,71.5,jazzwallet,received,1
100356581,Lauran,Mayo,Z,F,lauran.mayo@gmail.com,4805184474,Phoenix,Maricopa,31655,852167,Health & Sports,13.0,3,21.803,jazzwallet,canceled,1
100356581,Lauran,Mayo,Z,F,lauran.mayo@gmail.com,4805184474,Phoenix,Maricopa,31655,852167,Men's Fashion,25.0,2,20.964,jazzwallet,canceled,1
100356581,Lauran,Mayo,Z,F,lauran.mayo@gmail.com,4805184474,Phoenix,Maricopa,31655,852167,Men's Fashion,15.0,2,12.579,jazzwallet,canceled,1
100356581,Lauran,Mayo,Z,F,lauran.mayo@gmail.com,4805184474,Phoenix,Maricopa,31655,852167,Mobiles & Tablets,19.9,2,16.688,jazzwallet,canceled,1
100356581,Lauran,Mayo,Z,F,lauran.mayo@gmail.com,4805184474,Phoenix,Maricopa,31655,852167,Health & Sports,38.0,2,31.866,jazzwallet,canceled,1
100357280,Lauran,Mayo,Z,F,lauran.mayo@gmail.com,4805184474,Phoenix,Maricopa,31655,852167,Men's Fashion,15.0,2,15.0,jazzwallet,canceled,1
100357280,Lauran,Mayo,Z,F,lauran.mayo@gmail.com,4805184474,Phoenix,Maricopa,31655,852167,Mobiles & Tablets,19.9,2,19.9,jazzwallet,canceled,1
100357280,Lauran,Mayo,Z,F,lauran.mayo@gmail.com,4805184474,Phoenix,Maricopa,31655,852167,Health & Sports,13.0,2,13.0,jazzwallet,canceled,1
100357280,Lauran,Mayo,Z,F,lauran.mayo@gmail.com,4805184474,Phoenix,Maricopa,31655,852167,Beauty & Grooming,10.0,3,20.0,jazzwallet,canceled,1
100357280,Lauran,Mayo,Z,F,lauran.mayo@gmail.com,4805184474,Phoenix,Maricopa,31655,852167,Beauty & Grooming,16.0,2,16.0,jazzwallet,canceled,1
100357280,Lauran,Mayo,Z,F,lauran.mayo@gmail.com,4805184474,Phoenix,Maricopa,31655,852167,Beauty & Grooming,26.0,2,26.0,jazzwallet,canceled,1
100357282,Lauran,Mayo,Z,F,lauran.mayo@gmail.com,4805184474,Phoenix,Maricopa,31655,852167,Men's Fashion,15.0,2,15.0,jazzwallet,canceled,1
100357282,Lauran,Mayo,Z,F,lauran.mayo@gmail.com,4805184474,Phoenix,Maricopa,31655,852167,Mobiles & Tablets,19.9,2,19.9,jazzwallet,canceled,1
100357282,Lauran,Mayo,Z,F,lauran.mayo@gmail.com,4805184474,Phoenix,Maricopa,31655,852167,Beauty & Grooming,10.0,3,20.0,jazzwallet,canceled,1
100357282,Lauran,Mayo,Z,F,lauran.mayo@gmail.com,4805184474,Phoenix,Maricopa,31655,852167,Beauty & Grooming,16.0,2,16.0,jazzwallet,canceled,1
100357282,Lauran,Mayo,Z,F,lauran.mayo@gmail.com,4805184474,Phoenix,Maricopa,31655,852167,Men's Fashion,21.5,2,21.5,jazzwallet,canceled,1
100357662,Lauran,Mayo,Z,F,lauran.mayo@gmail.com,4805184474,Phoenix,Maricopa,31655,852167,Mobiles & Tablets,19.9,2,19.9,cod,received,1
100357662,Lauran,Mayo,Z,F,lauran.mayo@gmail.com,4805184474,Phoenix,Maricopa,31655,852167,Beauty & Grooming,10.0,2,10.0,cod,received,1
100357662,Lauran,Mayo,Z,F,lauran.mayo@gmail.com,4805184474,Phoenix,Maricopa,31655,852167,Beauty & Grooming,16.0,2,16.0,cod,received,1
100357662,Lauran,Mayo,Z,F,lauran.mayo@gmail.com,4805184474,Phoenix,Maricopa,31655,852167,Men's Fashion,21.5,2,21.5,cod,received,1
100357662,Lauran,Mayo,Z,F,lauran.mayo@gmail.com,4805184474,Phoenix,Maricopa,31655,852167,Health & Sports,13.0,2,13.0,cod,received,1
100357662,Lauran,Mayo,Z,F,lauran.mayo@gmail.com,4805184474,Phoenix,Maricopa,31655,852167,Beauty & Grooming,26.0,2,26.0,cod,received,1
100357662,Lauran,Mayo,Z,F,lauran.mayo@gmail.com,4805184474,Phoenix,Maricopa,31655,852167,Men's Fashion,15.0,2,15.0,cod,received,1
100362846,Lauran,Mayo,Z,F,lauran.mayo@gmail.com,4805184474,Phoenix,Maricopa,31655,852167,Health & Sports,75.0,2,75.0,Easypay_MA,complete,1
100362846,Lauran,Mayo,Z,F,lauran.mayo@gmail.com,4805184474,Phoenix,Maricopa,31655,852167,Appliances,54.9,2,54.9,Easypay_MA,complete,1
100362846,Lauran,Mayo,Z,F,lauran.mayo@gmail.com,4805184474,Phoenix,Maricopa,31655,852167,Beauty & Grooming,10.0,2,10.0,Easypay_MA,complete,1
100383440,Lauran,Mayo,Z,F,lauran.mayo@gmail.com,4805184474,Phoenix,Maricopa,31655,852167,Men's Fashion,24.9,2,22.41,Easypay_MA,complete,1
100383440,Lauran,Mayo,Z,F,lauran.mayo@gmail.com,4805184474,Phoenix,Maricopa,31655,852167,Men's Fashion,129.9,2,116.91,Easypay_MA,complete,1
100445653,Lauran,Mayo,Z,F,lauran.mayo@gmail.com,4805184474,Phoenix,Maricopa,31655,852167,Health & Sports,39.4,3,78.8,jazzwallet,complete,1
100445653,Lauran,Mayo,Z,F,lauran.mayo@gmail.com,4805184474,Phoenix,Maricopa,31655,852167,Men's Fashion,22.5,2,22.5,jazzwallet,complete,1
100468670,Lauran,Mayo,Z,F,lauran.mayo@gmail.com,4805184474,Phoenix,Maricopa,31655,852167,Health & Sports,65.0,3,130.0,Easypay_MA,canceled,1
100468676,Lauran,Mayo,Z,F,lauran.mayo@gmail.com,4805184474,Phoenix,Maricopa,31655,852167,Health & Sports,65.0,3,130.0,Easypay_MA,canceled,1
100468677,Lauran,Mayo,Z,F,lauran.mayo@gmail.com,4805184474,Phoenix,Maricopa,31655,852167,Health & Sports,65.0,3,130.0,Easypay_MA,canceled,1
100471838,Lauran,Mayo,Z,F,lauran.mayo@gmail.com,4805184474,Phoenix,Maricopa,31655,852167,Health & Sports,65.0,2,65.0,jazzwallet,canceled,1
100471838,Lauran,Mayo,Z,F,lauran.mayo@gmail.com,4805184474,Phoenix,Maricopa,31655,852167,Men's Fashion,22.5,3,45.0,jazzwallet,canceled,1
100471841,Lauran,Mayo,Z,F,lauran.mayo@gmail.com,4805184474,Phoenix,Maricopa,31655,852167,Health & Sports,65.0,2,65.0,jazzwallet,received,1
100471841,Lauran,Mayo,Z,F,lauran.mayo@gmail.com,4805184474,Phoenix,Maricopa,31655,852167,Men's Fashion,22.5,2,22.5,jazzwallet,received,1
100471841,Lauran,Mayo,Z,F,lauran.mayo@gmail.com,4805184474,Phoenix,Maricopa,31655,852167,Men's Fashion,23.0,2,23.0,jazzwallet,received,1
100474919,Lauran,Mayo,Z,F,lauran.mayo@gmail.com,4805184474,Phoenix,Maricopa,31655,852167,Health & Sports,65.0,4,135.0,jazzwallet,complete,1
100474919,Lauran,Mayo,Z,F,lauran.mayo@gmail.com,4805184474,Phoenix,Maricopa,31655,852167,Health & Sports,20.0,11,200.0,jazzwallet,complete,1
100474919,Lauran,Mayo,Z,F,lauran.mayo@gmail.com,4805184474,Phoenix,Maricopa,31655,852167,Men's Fashion,25.0,9,200.0,jazzwallet,complete,-1
100474919,Lauran,Mayo,Z,F,lauran.mayo@gmail.com,4805184474,Phoenix,Maricopa,31655,852167,Mobiles & Tablets,6.9,11,69.0,jazzwallet,complete,-1
100543324,Lauran,Mayo,Z,F,lauran.mayo@gmail.com,4805184474,Phoenix,Maricopa,31655,852167,Health & Sports,62.5,2,62.5,Easypay_MA,received,1
100543324,Lauran,Mayo,Z,F,lauran.mayo@gmail.com,4805184474,Phoenix,Maricopa,31655,852167,Men's Fashion,24.9,2,24.9,Easypay_MA,received,1
100545337,Lauran,Mayo,Z,F,lauran.mayo@gmail.com,4805184474,Phoenix,Maricopa,31655,852167,Appliances,112.0,2,112.0,Easypay_MA,received,1
100545337,Lauran,Mayo,Z,F,lauran.mayo@gmail.com,4805184474,Phoenix,Maricopa,31655,852167,Home & Living,16.8,2,16.8,Easypay_MA,received,1
100550770,Lauran,Mayo,Z,F,lauran.mayo@gmail.com,4805184474,Phoenix,Maricopa,31655,852167,Mobiles & Tablets,99.9,2,99.9,Easypay_MA,order_refunded,1
100354699,Abe,Waymire,W,M,abe.waymire@yahoo.com,4792366862,Fort Smith,Sebastian,60131,189336,Women's Fashion,175.0,2,175.0,cod,complete,1
100354698,Lenny,Blount,X,M,lenny.blount@apple.com,2284500931,Drew,Sunflower,15106,503495,Mobiles & Tablets,959.9,2,959.9,Payaxis,canceled,1
100359540,Lenny,Blount,X,M,lenny.blount@apple.com,2284500931,Drew,Sunflower,15106,503495,Superstore,7.0,2,7.0,cod,order_refunded,1
100361957,Lenny,Blount,X,M,lenny.blount@apple.com,2284500931,Drew,Sunflower,15106,503495,Superstore,7.0,2,7.0,cod,order_refunded,1
100370311,Lenny,Blount,X,M,lenny.blount@apple.com,2284500931,Drew,Sunflower,15106,503495,Others,300.0,2,300.0,jazzvoucher,canceled,1
100370316,Lenny,Blount,X,M,lenny.blount@apple.com,2284500931,Drew,Sunflower,15106,503495,Entertainment,2812.5,2,2812.5,Payaxis,canceled,-1
100370598,Lenny,Blount,X,M,lenny.blount@apple.com,2284500931,Drew,Sunflower,15106,503495,Entertainment,1690.0,2,1690.0,Payaxis,canceled,1
100376828,Lenny,Blount,X,M,lenny.blount@apple.com,2284500931,Drew,Sunflower,15106,503495,Women's Fashion,119.9,2,119.9,cod,order_refunded,1
100383230,Lenny,Blount,X,M,lenny.blount@apple.com,2284500931,Drew,Sunflower,15106,503495,Women's Fashion,140.0,2,126.0,Easypay_MA,canceled,1
100383230,Lenny,Blount,X,M,lenny.blount@apple.com,2284500931,Drew,Sunflower,15106,503495,Women's Fashion,125.0,2,112.5,Easypay_MA,canceled,1
100383242,Lenny,Blount,X,M,lenny.blount@apple.com,2284500931,Drew,Sunflower,15106,503495,Women's Fashion,125.0,2,112.5,easypay_voucher,complete,1
100383242,Lenny,Blount,X,M,lenny.blount@apple.com,2284500931,Drew,Sunflower,15106,503495,Women's Fashion,140.0,2,126.0,easypay_voucher,complete,1
100397949,Lenny,Blount,X,M,lenny.blount@apple.com,2284500931,Drew,Sunflower,15106,503495,Women's Fashion,140.0,2,126.0,easypay_voucher,complete,1
100397949,Lenny,Blount,X,M,lenny.blount@apple.com,2284500931,Drew,Sunflower,15106,503495,Women's Fashion,99.0,2,89.1,easypay_voucher,complete,1
100397949,Lenny,Blount,X,M,lenny.blount@apple.com,2284500931,Drew,Sunflower,15106,503495,Women's Fashion,125.0,2,112.5,easypay_voucher,complete,1
100397973,Lenny,Blount,X,M,lenny.blount@apple.com,2284500931,Drew,Sunflower,15106,503495,Women's Fashion,125.0,3,225.0,easypay_voucher,canceled,1
100442319,Lenny,Blount,X,M,lenny.blount@apple.com,2284500931,Drew,Sunflower,15106,503495,Beauty & Grooming,29.9,3,59.8,cod,complete,1
100447999,Lenny,Blount,X,M,lenny.blount@apple.com,2284500931,Drew,Sunflower,15106,503495,Entertainment,587.0,3,874.0,Easypay,canceled,1
100447999,Lenny,Blount,X,M,lenny.blount@apple.com,2284500931,Drew,Sunflower,15106,503495,Appliances,182.0,9,1456.0,Easypay,canceled,-1
100448205,Lenny,Blount,X,M,lenny.blount@apple.com,2284500931,Drew,Sunflower,15106,503495,Mobiles & Tablets,1239.9,2,1089.9,Easypay,canceled,-1
100448717,Lenny,Blount,X,M,lenny.blount@apple.com,2284500931,Drew,Sunflower,15106,503495,Entertainment,56.8,3,113.6,Easypay,canceled,1
100449034,Lenny,Blount,X,M,lenny.blount@apple.com,2284500931,Drew,Sunflower,15106,503495,Appliances,172.2,3,344.4,cod,order_refunded,1
100449034,Lenny,Blount,X,M,lenny.blount@apple.com,2284500931,Drew,Sunflower,15106,503495,Appliances,110.0,2,110.0,cod,order_refunded,1
100469648,Lenny,Blount,X,M,lenny.blount@apple.com,2284500931,Drew,Sunflower,15106,503495,Women's Fashion,112.5,1,0.0,easypay_voucher,order_refunded,1
100469652,Lenny,Blount,X,M,lenny.blount@apple.com,2284500931,Drew,Sunflower,15106,503495,Women's Fashion,130.0,1,0.0,easypay_voucher,complete,1
100476933,Lenny,Blount,X,M,lenny.blount@apple.com,2284500931,Drew,Sunflower,15106,503495,Women's Fashion,138.0,3,248.4,easypay_voucher,complete,1
100514243,Lenny,Blount,X,M,lenny.blount@apple.com,2284500931,Drew,Sunflower,15106,503495,Appliances,350.0,2,350.0,cod,complete,1
100354700,Romeo,Hopps,G,M,romeo.hopps@outlook.com,3083922413,Snyder,Dodge,37011,182401,Mobiles & Tablets,32.3,1,0.0,cod,order_refunded,1
100354700,Romeo,Hopps,G,M,romeo.hopps@outlook.com,3083922413,Snyder,Dodge,37011,182401,Mobiles & Tablets,444.4,1,0.0,cod,order_refunded,1
100357028,Romeo,Hopps,G,M,romeo.hopps@outlook.com,3083922413,Snyder,Dodge,37011,182401,Soghaat,43.8,2,36.718,cod,received,1
100357028,Romeo,Hopps,G,M,romeo.hopps@outlook.com,3083922413,Snyder,Dodge,37011,182401,Mobiles & Tablets,79.9,2,66.982,cod,received,1
100389916,Romeo,Hopps,G,M,romeo.hopps@outlook.com,3083922413,Snyder,Dodge,37011,182401,Superstore,24.8,2,24.8,cod,order_refunded,1
100389916,Romeo,Hopps,G,M,romeo.hopps@outlook.com,3083922413,Snyder,Dodge,37011,182401,Superstore,27.8,2,27.8,cod,order_refunded,1
100389916,Romeo,Hopps,G,M,romeo.hopps@outlook.com,3083922413,Snyder,Dodge,37011,182401,Men's Fashion,49.8,2,49.8,cod,order_refunded,1
100535491,Romeo,Hopps,G,M,romeo.hopps@outlook.com,3083922413,Snyder,Dodge,37011,182401,Soghaat,22.5,2,22.5,cod,received,1
100535491,Romeo,Hopps,G,M,romeo.hopps@outlook.com,3083922413,Snyder,Dodge,37011,182401,Men's Fashion,59.9,2,59.9,cod,received,1
100535491,Romeo,Hopps,G,M,romeo.hopps@outlook.com,3083922413,Snyder,Dodge,37011,182401,Soghaat,23.0,2,23.0,cod,received,1
100535493,Romeo,Hopps,G,M,romeo.hopps@outlook.com,3083922413,Snyder,Dodge,37011,182401,Soghaat,22.5,2,22.5,cod,order_refunded,1
100535493,Romeo,Hopps,G,M,romeo.hopps@outlook.com,3083922413,Snyder,Dodge,37011,182401,Men's Fashion,59.9,2,59.9,cod,order_refunded,1
100535493,Romeo,Hopps,G,M,romeo.hopps@outlook.com,3083922413,Snyder,Dodge,37011,182401,Soghaat,23.0,2,23.0,cod,order_refunded,1
100535496,Romeo,Hopps,G,M,romeo.hopps@outlook.com,3083922413,Snyder,Dodge,37011,182401,Soghaat,22.5,2,22.5,cod,order_refunded,1
100535496,Romeo,Hopps,G,M,romeo.hopps@outlook.com,3083922413,Snyder,Dodge,37011,182401,Men's Fashion,59.9,2,59.9,cod,order_refunded,1
100535496,Romeo,Hopps,G,M,romeo.hopps@outlook.com,3083922413,Snyder,Dodge,37011,182401,Soghaat,23.0,2,23.0,cod,order_refunded,1
100535498,Romeo,Hopps,G,M,romeo.hopps@outlook.com,3083922413,Snyder,Dodge,37011,182401,Soghaat,22.5,2,22.5,cod,order_refunded,1
100535498,Romeo,Hopps,G,M,romeo.hopps@outlook.com,3083922413,Snyder,Dodge,37011,182401,Men's Fashion,59.9,2,59.9,cod,order_refunded,1
100535498,Romeo,Hopps,G,M,romeo.hopps@outlook.com,3083922413,Snyder,Dodge,37011,182401,Soghaat,23.0,3,46.0,cod,order_refunded,1
100354701,Florentino,Stough,J,M,florentino.stough@gmail.com,2016999950,Riverton,Burlington,52163,716936,Appliances,34.5,4,103.5,cod,complete,1
100354702,Harrison,Criss,F,M,harrison.criss@yahoo.com,3045018116,Huntington,Cabell,60132,237201,Women's Fashion,121.5,2,121.5,Payaxis,canceled,1
100354702,Harrison,Criss,F,M,harrison.criss@yahoo.com,3045018116,Huntington,Cabell,60132,237201,Women's Fashion,115.5,2,115.5,Payaxis,canceled,1
100354704,Harrison,Criss,F,M,harrison.criss@yahoo.com,3045018116,Huntington,Cabell,60132,237201,Women's Fashion,121.5,2,121.5,Payaxis,complete,1
100354704,Harrison,Criss,F,M,harrison.criss@yahoo.com,3045018116,Huntington,Cabell,60132,237201,Women's Fashion,115.5,2,115.5,Payaxis,complete,1
100354703,Micah,Coutee,M,M,micah.coutee@gmail.com,4794714601,Benton,Benton,44511,562300,Men's Fashion,35.0,2,35.0,cod,order_refunded,1
100354706,Wallace,Henrich,B,M,wallace.henrich@yahoo.com,2096490095,El Monte,Los Angeles,60133,488301,Appliances,445.0,2,445.0,Payaxis,canceled,1
100354706,Wallace,Henrich,B,M,wallace.henrich@yahoo.com,2096490095,El Monte,Los Angeles,60133,488301,Mobiles & Tablets,1279.9,3,2559.8,Payaxis,canceled,1
100354706,Wallace,Henrich,B,M,wallace.henrich@yahoo.com,2096490095,El Monte,Los Angeles,60133,488301,Mobiles & Tablets,1690.0,2,1690.0,Payaxis,canceled,1
100354707,Wallace,Henrich,B,M,wallace.henrich@yahoo.com,2096490095,El Monte,Los Angeles,60133,488301,Appliances,445.0,2,445.0,Payaxis,canceled,1
100354707,Wallace,Henrich,B,M,wallace.henrich@yahoo.com,2096490095,El Monte,Los Angeles,60133,488301,Mobiles & Tablets,1279.9,3,2559.8,Payaxis,canceled,1
100354707,Wallace,Henrich,B,M,wallace.henrich@yahoo.com,2096490095,El Monte,Los Angeles,60133,488301,Mobiles & Tablets,1690.0,2,1690.0,Payaxis,canceled,1
100354705,Wallace,Henrich,B,M,wallace.henrich@yahoo.com,2096490095,El Monte,Los Angeles,60133,488301,Appliances,445.0,2,445.0,Payaxis,canceled,1
100354705,Wallace,Henrich,B,M,wallace.henrich@yahoo.com,2096490095,El Monte,Los Angeles,60133,488301,Mobiles & Tablets,1279.9,3,2559.8,Payaxis,canceled,1
100354705,Wallace,Henrich,B,M,wallace.henrich@yahoo.com,2096490095,El Monte,Los Angeles,60133,488301,Mobiles & Tablets,1690.0,2,1690.0,Payaxis,canceled,1
100354709,Wallace,Henrich,B,M,wallace.henrich@yahoo.com,2096490095,El Monte,Los Angeles,60133,488301,Appliances,445.0,2,445.0,Payaxis,canceled,1
100354709,Wallace,Henrich,B,M,wallace.henrich@yahoo.com,2096490095,El Monte,Los Angeles,60133,488301,Mobiles & Tablets,1279.9,3,2559.8,Payaxis,canceled,1
100354709,Wallace,Henrich,B,M,wallace.henrich@yahoo.com,2096490095,El Monte,Los Angeles,60133,488301,Mobiles & Tablets,1690.0,2,1690.0,Payaxis,canceled,1
100354708,Wallace,Henrich,B,M,wallace.henrich@yahoo.com,2096490095,El Monte,Los Angeles,60133,488301,Appliances,445.0,2,445.0,Payaxis,canceled,1
100354708,Wallace,Henrich,B,M,wallace.henrich@yahoo.com,2096490095,El Monte,Los Angeles,60133,488301,Mobiles & Tablets,1279.9,3,2559.8,Payaxis,canceled,1
100354708,Wallace,Henrich,B,M,wallace.henrich@yahoo.com,2096490095,El Monte,Los Angeles,60133,488301,Mobiles & Tablets,1690.0,2,1690.0,Payaxis,canceled,1
100354710,Wallace,Henrich,B,M,wallace.henrich@yahoo.com,2096490095,El Monte,Los Angeles,60133,488301,Appliances,445.0,2,445.0,Payaxis,canceled,1
100354710,Wallace,Henrich,B,M,wallace.henrich@yahoo.com,2096490095,El Monte,Los Angeles,60133,488301,Mobiles & Tablets,1279.9,3,2559.8,Payaxis,canceled,1
100354710,Wallace,Henrich,B,M,wallace.henrich@yahoo.com,2096490095,El Monte,Los Angeles,60133,488301,Mobiles & Tablets,1690.0,2,1690.0,Payaxis,canceled,1
100354712,Wallace,Henrich,B,M,wallace.henrich@yahoo.com,2096490095,El Monte,Los Angeles,60133,488301,Appliances,445.0,2,445.0,Payaxis,canceled,1
100354712,Wallace,Henrich,B,M,wallace.henrich@yahoo.com,2096490095,El Monte,Los Angeles,60133,488301,Mobiles & Tablets,1279.9,3,2559.8,Payaxis,canceled,1
100354712,Wallace,Henrich,B,M,wallace.henrich@yahoo.com,2096490095,El Monte,Los Angeles,60133,488301,Mobiles & Tablets,1690.0,2,1690.0,Payaxis,canceled,1
100354711,Wallace,Henrich,B,M,wallace.henrich@yahoo.com,2096490095,El Monte,Los Angeles,60133,488301,Appliances,445.0,2,445.0,Payaxis,canceled,1
100354711,Wallace,Henrich,B,M,wallace.henrich@yahoo.com,2096490095,El Monte,Los Angeles,60133,488301,Mobiles & Tablets,1279.9,3,2559.8,Payaxis,canceled,1
100354711,Wallace,Henrich,B,M,wallace.henrich@yahoo.com,2096490095,El Monte,Los Angeles,60133,488301,Mobiles & Tablets,1690.0,2,1690.0,Payaxis,canceled,1
100354714,Wallace,Henrich,B,M,wallace.henrich@yahoo.com,2096490095,El Monte,Los Angeles,60133,488301,Appliances,445.0,2,445.0,Payaxis,canceled,1
100354714,Wallace,Henrich,B,M,wallace.henrich@yahoo.com,2096490095,El Monte,Los Angeles,60133,488301,Mobiles & Tablets,1279.9,3,2559.8,Payaxis,canceled,1
100354714,Wallace,Henrich,B,M,wallace.henrich@yahoo.com,2096490095,El Monte,Los Angeles,60133,488301,Mobiles & Tablets,1690.0,2,1690.0,Payaxis,canceled,1
100354713,Wallace,Henrich,B,M,wallace.henrich@yahoo.com,2096490095,El Monte,Los Angeles,60133,488301,Appliances,445.0,2,445.0,Payaxis,canceled,1
100354713,Wallace,Henrich,B,M,wallace.henrich@yahoo.com,2096490095,El Monte,Los Angeles,60133,488301,Mobiles & Tablets,1279.9,3,2559.8,Payaxis,canceled,1
100354713,Wallace,Henrich,B,M,wallace.henrich@yahoo.com,2096490095,El Monte,Los Angeles,60133,488301,Mobiles & Tablets,1690.0,2,1690.0,Payaxis,canceled,1
100354715,Wallace,Henrich,B,M,wallace.henrich@yahoo.com,2096490095,El Monte,Los Angeles,60133,488301,Appliances,445.0,2,445.0,Payaxis,received,1
100354715,Wallace,Henrich,B,M,wallace.henrich@yahoo.com,2096490095,El Monte,Los Angeles,60133,488301,Mobiles & Tablets,1279.9,3,2559.8,Payaxis,received,1
100354715,Wallace,Henrich,B,M,wallace.henrich@yahoo.com,2096490095,El Monte,Los Angeles,60133,488301,Mobiles & Tablets,1690.0,2,1690.0,Payaxis,received,1
100355734,Wallace,Henrich,B,M,wallace.henrich@yahoo.com,2096490095,El Monte,Los Angeles,60133,488301,Women's Fashion,109.9,2,109.9,Payaxis,received,1
100355734,Wallace,Henrich,B,M,wallace.henrich@yahoo.com,2096490095,El Monte,Los Angeles,60133,488301,Women's Fashion,99.9,2,99.9,Payaxis,received,1
100355734,Wallace,Henrich,B,M,wallace.henrich@yahoo.com,2096490095,El Monte,Los Angeles,60133,488301,Women's Fashion,219.5,2,219.5,Payaxis,received,1
100355734,Wallace,Henrich,B,M,wallace.henrich@yahoo.com,2096490095,El Monte,Los Angeles,60133,488301,Women's Fashion,135.0,2,135.0,Payaxis,received,1
100355734,Wallace,Henrich,B,M,wallace.henrich@yahoo.com,2096490095,El Monte,Los Angeles,60133,488301,Women's Fashion,69.9,2,69.9,Payaxis,received,1
